Close,Volume,High_Low_Pct,Open_Close_Pct,Day_Of_Week,Month_Of_Year,Quarter_Of_Year
1116.719971,563795968,0.17936409468554187,-0.00035821424384637797,4,3,1
1175.829956,283320000,0.06943350808854934,0.0006718990241476539,5,3,1
1221.380005,227176000,0.04391845533179353,0.00032751805200874427,6,3,1
1231.920044,380276992,0.016712788933164444,0.0001948097209464954,0,3,1
1240.0,245306000,0.019734327751077585,0.00012905967741935162,1,3,1
1249.609985,297804992,0.009566432748538052,0.0013764062552685083,2,3,1
1187.810059,638568000,0.09157964354170191,-0.006440444700763319,3,3,1
1100.22998,706598976,0.07329237061559331,-0.0004908419237948586,4,3,1
973.817993,621302016,0.16333117068609898,0.0029902784924204554,5,3,1
1036.73999,406648000,0.09540001423935,0.00048228100085152495,6,3,1
1054.22998,286529984,0.025417654075941244,0.0010718771249514103,0,3,1
1120.540039,337391008,0.06355184008611041,9.815356539888131e-05,1,3,1
1049.140015,380840992,0.10494867896306398,0.0008674094849008271,2,3,1
1038.589966,248540000,0.02826232540001212,-0.00013481258685677354,3,3,1
937.52002,491038016,0.11356675203020232,-0.0010453558101084879,4,3,1
972.778992,435803008,0.07972439476203487,0.001270610292949184,5,3,1
966.724976,303668000,0.0563559405244412,0.005513478116655174,6,3,1
1045.77002,372535008,0.07656094576757591,-0.0011379786924852686,0,3,1
1047.150024,326332000,0.03592387564679193,-0.0010218860482974997,1,3,1
1039.969971,298457984,0.038636452934222285,0.00215389873021635,2,3,1
1026.430054,352968992,0.028675406484901477,0.0002045546105960194,3,3,1
1071.790039,447287008,0.047027223071954796,-7.471426033654124e-05,4,3,1
1080.5,289633984,0.02886654853166332,0.00010179083757524435,5,4,2
1102.170044,514187008,0.02988517965909503,0.0007076104129718969,6,4,2
1143.810059,580444032,0.044235950104321624,0.001494969367112395,0,4,2
1133.25,436310016,0.032056474100302254,0.0007853651003749821,1,4,2
1124.780029,414784000,0.019270279090585405,0.0009157612808218672,2,4,2
1182.680054,511222016,0.05556881953565856,-0.003162404732666471,3,4,2
1176.900024,317022016,0.01993307549575289,-0.0036111818449584806,4,4,2
1175.949951,209312000,0.019267512642373502,0.0005272290708229446,5,4,2
1187.869995,242343008,0.021632256689778487,-0.0004798050311895223,6,4,2
1187.130005,215883008,0.009584006162830595,0.0002779442846278983,0,4,2
1205.01001,216182000,0.017356362047477952,-0.000165933061419179,1,4,2
1200.369995,288702016,0.0086734223346918,0.0005415205334251246,2,4,2
1169.280029,351968992,0.04276060714163785,0.0008979260518953285,3,4,2
1167.540039,254827008,0.02673760677125454,-0.0002055518371820346,4,4,2
1172.52002,203559008,0.01977753722988251,7.672790098724302e-05,5,4,2
1182.939941,183231008,0.012459373693632614,0.00026210882670662155,6,4,2
1193.910034,253206000,0.018974118061332167,-0.0001172734929875501,0,4,2
1211.670044,270524000,0.019936776432030134,0.0003796091207153927,1,4,2
1210.290039,288060992,0.008655072178463756,0.000652667521458515,2,4,2
1229.079956,315108000,0.026795544632162483,0.00027670128240210546,3,4,2
1222.050049,272167008,0.016765837153917364,0.0005400040698333761,4,4,2
1231.709961,249320000,0.022416848287577288,0.0001705620695227458,5,4,2
1207.209961,258951008,0.02347294000108263,0.0020046587405518944,6,4,2
1250.150024,235806000,0.03415088566689457,0.0002399128058569914,0,4,2
1265.48999,242556000,0.014088326446683935,0.0003951038759303027,1,4,2
1281.079956,329631008,0.022828987990832637,0.0006245113712480445,2,4,2
1317.72998,449196992,0.029969484532502436,7.596396949218426e-06,3,4,2
1316.47998,527488992,0.030107503385669362,0.001033047232514645,4,4,2
1321.790039,422705984,0.009116407536089239,6.049069643506243e-05,5,4,2
1347.890015,413115008,0.02508897035263388,0.0003042043456342364,6,4,2
1421.599976,713624000,0.06379877910988649,-0.0004009193933750858,0,5,2
1452.819946,477337984,0.04111781917365473,0.0006608410096814162,1,5,2
1490.089966,583795968,0.03128175691218417,0.0004227966192478762,2,5,2
1537.670044,933548992,0.07928387980253336,0.0020810387849371772,3,5,2
1555.449951,946035968,0.057321697314936165,0.000874414505671134,4,5,2
1578.800049,582529984,0.023533257050243075,0.0004243235236940649,5,5,2
1596.709961,1080029952,0.02369592806780578,0.00013157242400389866,6,5,2
1723.349976,1340320000,0.07917110970898429,0.00031336583254751435,0,5,2
1755.359985,1167920000,0.06828056729840488,0.0006608530500368446,1,5,2
1787.130005,915723008,0.04033503924614104,-0.0037826067387861724,2,5,2
1848.569946,799489984,0.0675535247222973,-0.0015200593334757737,3,5,2
1724.23999,740984000,0.09571372839762622,-0.0006495586498953763,4,5,2
1804.910034,579635008,0.0980631091859733,-0.0022439063020910353,5,5,2
1808.910034,437196000,0.030845115530741252,-0.0002598763847643659,6,5,2
1738.430054,731529024,0.06102286608455652,0.001880948268511773,0,5,2
1734.449951,959044992,0.05893717297037151,-0.004450962102163296,1,5,2
1839.089966,1064729984,0.1216311417974145,-0.011087013347339391,2,5,2
1888.650024,894321024,0.05387577209558796,0.0046170390962809674,3,5,2
1987.709961,1157289984,0.06045233170215576,-0.0017457129400580524,4,5,2
2084.72998,961336000,0.05560221859796979,-0.008490284674660866,5,5,2
2041.199951,1147859968,0.04003930208588955,0.0009749118399817335,6,5,2
2173.399902,1942220032,0.1417484316178655,0.008355644528781155,0,5,2
2320.419922,1378749952,0.06532938627495984,0.0004094926918145526,1,5,2
2443.639893,1725379968,0.08716828588346993,0.0010640262533969055,2,5,2
2304.97998,2406700032,0.20934227529962307,0.006902408323737354,3,5,2
2202.419922,1763480064,0.2421826608341867,-0.0027923385266218595,4,5,2
2038.869995,1700480000,0.21789172746816035,0.00746005534305778,5,5,2
2155.800049,1147139968,0.10382263685048017,0.0016837753583333662,6,5,2
2255.610107,994625024,0.0948571469785814,-0.00011083475784407806,0,5,2
2175.469971,1443970048,0.08349448938955871,0.005387327867648192,1,5,2
2286.409912,1544829952,0.07714034254508437,0.000839817038021956,2,5,2
2407.879883,1653180032,0.06994612208213088,-0.001598856332984302,3,6,2
2488.550049,1317030016,0.0485522296607488,0.0020774836343265533,4,6,2
2515.350098,1514950016,0.06533330564305355,0.012896789606263427,5,6,2
2511.810059,1355120000,0.054372141485760285,0.00023482786761154574,6,6,2
2686.810059,1369309952,0.07034845154612146,0.0014999307399868615,0,6,2
2863.199951,2089609984,0.11485997454041207,0.0021584004281089792,1,6,2
2732.159912,1517709952,0.06251289373749867,-0.00427131733715301,2,6,2
2805.620117,1281170048,0.05404447879899637,0.0006486352122204124,3,6,2
2823.810059,1348950016,0.03794859085283943,0.0015333304682445424,4,6,2
2947.709961,2018889984,0.07443517771483366,-0.001798022556534674,5,6,2
2958.110107,1752400000,0.054943995453885015,-0.0016531284580746622,6,6,2
2659.629883,2569530112,0.1900689043683433,0.00800112419251232,0,6,2
2717.02002,1781200000,0.0523170874067489,-5.157746316490809e-05,1,6,2
2506.370117,1696560000,0.1549521107620473,-0.0027091126541706925,2,6,2
2464.580078,2026259968,0.14539350267078782,0.0020246816261086545,3,6,2
2518.560059,1195190016,0.06488901174312856,-0.0018066073047337025,4,6,2
2655.879883,1534509952,0.08057674294253954,-0.0001994762652450026,5,6,2
2548.290039,1178659968,0.05792960998020544,0.0002903868824486012,6,6,2
2589.600098,1446840064,0.04465230605566941,0.0006409916346860119,0,6,2
2721.790039,1854189952,0.06704322247919196,-0.004541168430663057,1,6,2
2689.100098,1626579968,0.04195238013506732,0.0007176865604354027,2,6,2
2705.409912,1097939968,0.030798180302681985,0.0007134504798841909,3,6,2
2744.909912,961318976,0.021726446294485193,-0.002327905907609308,4,6,2
2608.719971,982750016,0.06764891625907736,-0.0005634836304168374,5,6,2
2589.409912,1161100032,0.0509928557567183,0.00044803875764260045,6,6,2
2478.449951,1663280000,0.10056009875821392,0.0,0,6,2
2552.449951,1489789952,0.09406811085374611,0.00022726322205561541,1,6,2
2574.790039,1183869952,0.04812393305224833,-0.0028079881817501735,2,6,2
2539.320068,949979008,0.031209210439511206,-3.153521330732762e-05,3,6,2
2480.840088,860273024,0.03260938183343405,0.0047403337510079635,4,6,2
2434.550049,779913984,0.03969859864253165,0.0007598336295283805,5,7,3
2506.469971,803747008,0.04987386907313207,-0.003155797632334801,6,7,3
2564.060059,964112000,0.04617271337246921,-0.0011934427936892216,0,7,3
2601.639893,985516032,0.028225911748631757,0.0004728648277995587,1,7,3
2601.98999,941566016,0.033129089983130036,0.0023482442374806577,2,7,3
2608.560059,761956992,0.013568643330744532,1.1511715015495905e-05,3,7,3
2518.659912,917411968,0.16698337907251867,0.0006392716985443704,4,7,3
2571.340088,733329984,0.03170954942568806,0.000493913273443294,5,7,3
2518.439941,527856000,0.04683046003476326,0.002704078381672994,6,7,3
2372.560059,1111200000,0.09307106447692053,0.005618333643203305,0,7,3
2337.790039,1329760000,0.050792146064874096,-0.002147335268032617,1,7,3
2398.840088,1117410048,0.06530150891253349,0.0016090539003865989,2,7,3
2357.899902,835769984,0.03605126822024714,0.0011409245989271906,3,7,3
2233.340088,882502976,0.08246078333441556,-0.0014417736990892122,4,7,3
1998.859985,993608000,0.12094485803823074,-0.0034419644455486874,5,7,3
1929.819946,1182870016,0.11705723054173846,0.0014509379519077395,6,7,3
2228.409912,1201760000,0.15412755522070443,0.002293163377384876,0,7,3
2318.879883,1512450048,0.10293938152377038,0.0018113033929838503,1,7,3
2273.429932,1245100032,0.06058672932034995,-0.0015571357402186165,2,7,3
2817.600098,2249260032,0.2779033731747622,0.007385652071339539,3,7,3
2667.76001,1489449984,0.08259809138790825,0.00032606868561617646,4,7,3
2810.120117,1177129984,0.07702494403225817,-0.000718837243924135,5,7,3
2730.399902,1072840000,0.06716052170074331,0.0008423853950167423,6,7,3
2754.860107,866473984,0.0289235180578201,0.0009582675335463156,0,7,3
2576.47998,1460089984,0.1157294440512738,0.0005006986314715562,1,7,3
2529.449951,937404032,0.06526846654229033,0.0036608789180980184,2,7,3
2671.780029,789104000,0.06483113155797975,0.0029755260214949586,3,7,3
2809.01001,1380099968,0.0812469810857585,-0.0007084310817390197,4,7,3
2726.449951,803745984,0.04306296750219646,-0.0007555825476438486,5,7,3
2757.179932,705942976,0.04298161589042924,0.0021979189423463517,6,7,3
2875.340088,860574976,0.0621220988502341,-0.0014050647493354807,0,7,3
2718.26001,1324669952,0.08777893350399128,0.003263070113737978,1,8,3
2710.669922,1094950016,0.035202087207932435,-0.00040944232678143545,2,8,3
2804.72998,804796992,0.04773314281841772,0.0007843721198430443,3,8,3
2895.889893,1002120000,0.05671501051300252,0.0006008481207127285,4,8,3
3252.909912,1945699968,0.14441894676739916,0.001444920126026501,5,8,3
3213.939941,1105030016,0.0436335203206728,-0.00036090033457164615,6,8,3
3378.939941,1482279936,0.06815389601415542,-0.0025806821524680373,0,8,3
3419.939941,1752760064,0.04155023320344481,0.0001344938823298538,1,8,3
3342.469971,1468960000,0.053912525658449575,-0.00018844836467195398,2,8,3
3381.280029,1515110016,0.040361859324077036,-0.002206253530029654,3,8,3
3650.620117,2021190016,0.09121853413503421,2.6751619415696522e-06,4,8,3
3884.709961,2219589888,0.09304036736834213,-0.0012021288711082856,5,8,3
4073.26001,3159089920,0.09087824240421134,-0.0017577841783785555,6,8,3
4325.129883,2463089920,0.08422073278871342,0.00043012604252936016,0,8,3
4181.930176,3258050048,0.14074883711731698,0.0044021940169285696,1,8,3
4376.629883,2272039936,0.096837604847095,0.0017844913115309064,2,8,3
4331.689941,2553359872,0.05678763068511242,-0.001696819740127275,3,8,3
4160.620117,2941710080,0.08834237925425927,-0.005496804888904591,4,8,3
4193.700195,2975820032,0.0686831077897339,-0.0010468406886200848,5,8,3
4087.659912,2109769984,0.031059923052770933,0.0006898979026413664,6,8,3
4001.73999,2800890112,0.030221139256463116,-0.0008471045116552276,0,8,3
4100.52002,3764239872,0.12360043280025647,-0.0028069634933766195,1,8,3
4151.52002,2369819904,0.04348995731844417,-0.003352969980378426,2,8,3
4334.680176,2037750016,0.05959198329996762,-0.00042917860706309543,3,8,3
4371.600098,1727970048,0.03444115143296171,0.00010521570813645726,4,8,3
4352.399902,1511609984,0.025707752741723832,-0.0016771905533418106,5,8,3
4382.879883,1537459968,0.02300049431541091,0.00035828314759242064,6,8,3
4382.660156,1959330048,0.04243912692817355,0.0014944816086259304,0,8,3
4579.02002,2486080000,0.06285434956078038,-0.001891268647478037,1,8,3
4565.299805,1937849984,0.034689249831367966,-0.0021269054420840093,2,8,3
4703.390137,1944930048,0.04102736778930883,-0.0003466374152496114,3,8,3
4892.009766,2599079936,0.04562971506229289,0.0019235766995809214,4,9,3
4578.77002,2722139904,0.11317355490360526,0.001419595212602532,5,9,3
4582.959961,1933190016,0.06711583566380543,0.0018917734550987152,6,9,3
4236.310059,2987330048,0.11761999623375502,-0.0018931617110889878,0,9,3
4376.529785,2697969920,0.10748321719494858,1.3722972983346189e-05,1,9,3
4597.120117,2172100096,0.05498805338817121,-0.001735865019165012,2,9,3
4599.879883,1844620032,0.036450218121777615,0.0011479154095990352,3,9,3
4228.75,2700890112,0.14375317845474705,0.0002506790422702607,4,9,3
4226.060059,1386230016,0.047327360591682986,0.0007760857522634937,5,9,3
4122.939941,1679090048,0.07451200167399763,-0.00011392986721155705,6,9,3
4161.27002,1557330048,0.039583847362837724,0.0018287356896872743,0,9,3
4130.810059,1864530048,0.06350451942407782,0.00028321829938676046,1,9,3
3882.590088,2219409920,0.09025522043734623,-0.0018595759110174668,2,9,3
3154.949951,2716310016,0.2431116045059255,0.0035975524735035293,3,9,3
3637.52002,4148069888,0.26702791766761025,6.322439429489894e-05,4,9,3
3625.040039,1818400000,0.09204970637855531,-0.0051751180119861745,5,9,3
3582.879883,1239149952,0.06360797204758852,0.002291509977478042,6,9,3
4065.199951,1943209984,0.1359308399505683,0.0021130788407804748,0,9,3
3924.969971,1563980032,0.05820819624067004,-0.002193612706241012,1,9,3
3905.949951,1213830016,0.045016088191843835,-0.001146962981144473,2,9,3
3631.040039,1411480064,0.08379110445827581,-0.0008317228583444016,3,9,3
3630.699951,1194829952,0.057615945082534134,-0.00021484259523708936,4,9,3
3792.399902,928113984,0.06249127245065649,0.0009888197703049092,5,9,3
3682.840088,768014976,0.03524775790293716,-0.0003421299784656753,6,9,3
3926.070068,1374210048,0.07297679700232233,0.0005959761184782005,0,9,3
3892.350098,1043740032,0.025837875276392593,0.00015153904072074065,1,9,3
4200.669922,1686880000,0.08371809538335603,-0.0008427320084018812,2,9,3
4174.72998,1712320000,0.04127061730837522,-0.0007449255436634677,3,9,3
4163.069824,1367049984,0.043408579801664404,0.000730239733783414,4,9,3
4338.709961,1207449984,0.0474830490584105,0.0005392948643796392,5,9,3
4403.740234,1208210048,0.03136677583999282,-0.0018007817397522519,6,10,4
4409.319824,1431730048,0.021192659630588112,-0.00019501034951475703,0,10,4
4317.47998,1288019968,0.04075711568419825,0.0004377870907927922,1,10,4
4229.359863,1116770048,0.033699759080704904,0.00012295477728184307,2,10,4
4328.410156,1161769984,0.04769163225702597,-0.0009126203057546724,3,10,4
4370.810059,1069939968,0.021465014619729144,-0.0003340252676947717,4,10,4
4426.890137,906928000,0.028425980616532138,0.0006279317791887907,5,10,4
4610.47998,1313869952,0.04959551692952991,0.0008762731901071746,6,10,4
4772.02002,1968739968,0.06889630519800614,0.0008780225108945865,0,10,4
4781.990234,1597139968,0.03296254449427521,0.0015181473915155902,1,10,4
4826.47998,1222279936,0.025696466266625775,0.0006423103406304586,2,10,4
5446.910156,2791610112,0.1295956358357528,0.0031669330879266298,3,10,4
5647.209961,3615480064,0.07420651659099683,-0.0006516803918068183,4,10,4
5831.790039,1669030016,0.04400498815576765,0.0007150329439353693,5,10,4
5678.189941,1976039936,0.06824178511504286,0.0016519142715307978,6,10,4
5725.589844,2008070016,0.0418490678802055,0.002792766236435268,0,10,4
5605.509766,1821570048,0.059866002669387255,-0.00030147873619813326,1,10,4
5590.689941,2399269888,0.08781620055385608,-0.001243085750299484,2,10,4
5708.52002,1780540032,0.038562235217992145,-7.184997136968155e-05,3,10,4
6011.450195,2354429952,0.0769259270615415,-0.0024387053912870212,4,10,4
6031.600098,2207099904,0.03852596294436929,0.0008389246498085766,5,10,4
6008.419922,2034630016,0.049016447523205796,-0.000402755138857627,6,10,4
5930.319824,2401840128,0.059855457792378566,0.0008768828923786856,0,10,4
5526.640137,2735699968,0.07836586561624216,-0.0003691282496109505,1,10,4
5750.799805,1966989952,0.06603522174003892,-0.000495515423354109,2,10,4
5904.830078,1905040000,0.04467221683407958,-0.0008619797577179468,3,10,4
5780.899902,1710130048,0.045309561301364494,0.0011970319703349262,4,10,4
5753.089844,1403920000,0.03296256162033467,0.00023467337319746373,5,10,4
6153.850098,2859040000,0.09278058403640338,-0.006337495938140416,6,10,4
6130.529785,1772150016,0.028827091084027093,0.00024308421168533833,0,10,4
6468.399902,2311379968,0.06014750854181147,-0.0042405675925384105,1,10,4
6767.310059,2870320128,0.06105950302356937,0.0015456600789391386,2,11,4
7078.5,4653770240,0.09004809248491723,0.0012756636292999533,3,11,4
7207.759766,3369860096,0.06545109651969251,-0.006004609948871603,4,11,4
7379.950195,2483800064,0.06564666634155278,0.0033292670479871146,5,11,4
7407.410156,2380410112,0.03876758154190574,-0.0005656418251128951,6,11,4
7022.759766,3111899904,0.06257179392780735,4.8461290338798985e-05,0,11,4
7144.379883,2326340096,0.03278035664984484,-0.0004199104819633791,1,11,4
7459.689941,4602200064,0.09311189737135434,-0.0017239138760069919,2,11,4
7143.580078,3226249984,0.048624809481280604,0.004220559113329241,3,11,4
6618.140137,5208249856,0.13595580881595712,7.09755294200043e-05,4,11,4
6357.600098,4908680192,0.10781849512412896,-0.009775686114568752,5,11,4
5950.069824,8957349888,0.20040552307295909,-0.0019865017301686294,6,11,4
6559.490234,6263249920,0.16544351761252468,0.0003033385109237127,0,11,4
6635.75,3197110016,0.04692691298796767,-0.00014922714086574587,1,11,4
7315.540039,4200880128,0.10663388863385108,0.001052580528429726,2,11,4
7871.689941,5123809792,0.1101917342808196,-0.0023019347987298325,3,11,4
7708.990234,4651670016,0.058655565421158615,-0.0015281214066200498,4,11,4
7790.149902,3667190016,0.056482037282063025,-0.003096232717397123,5,11,4
8036.490234,3149319936,0.053002957175720386,0.0003209846493792529,6,11,4
8200.639648,3488450048,0.04874612493058802,0.0006219741653011694,0,11,4
8071.259766,4277609984,0.07548268554974037,0.0008289200439544151,1,11,4
8253.549805,3633530112,0.028083757968513406,-0.002564947507456272,2,11,4
8038.77002,4225179904,0.028440964280751907,0.004384999186728818,3,11,4
8253.69043,5058610176,0.054556578435780476,-0.0014515287557253446,4,11,4
8790.919922,4342060032,0.07322171211316199,-0.00021384371791341735,5,11,4
9330.549805,5475579904,0.08516120936428762,0.0023760574096200466,6,11,4
9818.349609,5653320192,0.049785505777083475,0.0005174066113252605,0,11,4
10058.799805,6348819968,0.03999470001940834,0.0018491854257555388,1,11,4
9888.610352,11568799744,0.19960046614884774,0.001838447097505762,2,11,4
10233.599609,8310689792,0.17376021961228663,-0.003420106447121406,3,11,4
10975.599609,6783119872,0.139463492696464,0.00024601808522475756,4,12,4
11074.599609,5138500096,0.03806481379201849,0.0007314563312442961,5,12,4
11323.200195,6608309760,0.09176028309703549,-0.0006888338866819993,6,12,4
11657.200195,6132409856,0.051923008908749985,0.0024448409157650226,0,12,4
11916.700195,6895260160,0.036830257432451774,0.0005622526278550703,1,12,4
14291.5,12656300032,0.20511759546765368,-0.0017773075604379678,2,12,4
17899.699219,17950699520,0.2733383699075199,-0.005407846624442157,3,12,4
16569.400391,21135998976,0.28015121054487907,-0.002782213532907166,4,12,4
15178.200195,13911300096,0.22728499075909656,-0.0006456499370214179,5,12,4
15455.400391,13433299968,0.198388102578875,-0.0018116644856580346,6,12,4
16936.800781,12153900032,0.13691191139760472,-0.0010037314732467596,0,12,4
17415.400391,14603799552,0.07302862732350492,0.004857746999817501,1,12,4
16408.199219,12976900096,0.10058787847561769,-0.001438281537480977,2,12,4
16564.0,13777399808,0.05559779612262922,0.002251918679063133,3,12,4
17706.900391,14309999616,0.0935347686596438,0.0030157954707388922,4,12,4
19497.400391,12740599808,0.1256843068540392,-0.001107819994811609,5,12,4
19140.800781,13314599936,0.05875906704269475,-0.001797228360171318,6,12,4
19114.199219,14839499776,0.05530099790134565,0.00021458194261815647,0,12,4
17776.699219,16894499840,0.11012192753524254,-0.0009224681026537052,1,12,4
16624.599609,22149699584,0.11550153327137587,0.0010707495169003463,2,12,4
15802.900391,16516599808,0.14502004182582537,0.006017857902474758,3,12,4
13831.799805,22197999616,0.34736756452294426,0.00845156752180154,4,12,4
14699.200195,13086000128,0.12831195873979165,-0.006190813023347628,5,12,4
13925.799805,11572299776,0.14734420925091427,0.005033864265004681,6,12,4
14026.599609,10664699904,0.08507012289016817,0.0007129311649833948,0,12,4
16099.799805,13454300160,0.17337772456923273,0.003956583048952977,1,12,4
15838.5,12487600128,0.12019085299598492,0.0016162899895823962,2,12,4
14606.5,12336499712,0.13999129051525763,0.006113703145859758,3,12,4
14656.200195,13025500160,0.06793877123086602,0.0017535374556883758,4,12,4
12952.200195,14452599808,0.18880825708488408,-0.004207779310038683,5,12,4
14156.400391,12136299520,0.1271442214959225,-0.0031222764812515666,6,12,4
13657.200195,10291200000,0.07278767176799197,-0.0023577449653105448,0,1,1
14982.099609,16846600192,0.1732808705637379,-0.00026027153081126887,1,1,1
15201.0,16871900160,0.049061928997271756,0.004585237484375991,2,1,1
15599.200195,21783199744,0.08383715853326315,-0.00782091379525372,3,1,1
17429.5,23840899072,0.1646012212288023,0.0018703697180068725,4,1,1
17527.0,18314600448,0.05653584362916582,1.7161008729487897e-05,5,1,1
16477.599609,15866000384,0.09273540629901086,-8.498750019618327e-05,6,1,1
15170.099609,18413899776,0.16396870567884056,-0.0030586097122575154,0,1,1
14595.400391,16659999744,0.07442457016084304,-0.00047277846548521025,1,1,1
14973.299805,18500800512,0.0936440627366052,-0.00034058023724992267,2,1,1
13405.799805,16534099968,0.14595711526341337,0.0035880429888307326,3,1,1
13980.599609,12065699840,0.08145559114531235,-0.0020170249337409206,4,1,1
14360.200195,12763599872,0.05067942355324863,0.0007381241108109163,5,1,1
13772.0,11084099584,0.09374433260476338,-0.00034128630554744693,6,1,1
13819.799805,12750799872,0.05892225994635272,0.0011794529754405672,0,1,1
11490.5,18853799936,0.35784549903210544,-0.005169521865889145,1,1,1
11188.599609,18830600192,0.24203783882017305,0.0009116597569364123,2,1,1
11474.900391,15020399616,0.10644732053918214,-0.003930368409591771,3,1,1
11607.400391,10740400128,0.07345979938621935,0.004204197525385443,4,1,1
12899.200195,11801700352,0.1241227656351179,-0.000775241863745646,5,1,1
11600.099609,9935179776,0.14242307615275243,0.0028448031579312275,6,1,1
10931.400391,10537400320,0.1685709422793174,0.0011983468294497661,0,1,1
10868.400391,9660609536,0.1231921369811085,0.0032203451051530186,1,1,1
11359.400391,9940989952,0.0809790223303923,0.005484427157736255,2,1,1
11259.400391,8873169920,0.06586537325651956,-0.00030200462563861386,3,1,1
11171.400391,9746199552,0.11331102376203628,0.00031330002304990343,4,1,1
11440.700195,7583269888,0.05693773749655489,0.0030242563313670613,5,1,1
11786.299805,8350360064,0.04923618638301886,-0.002613186963641857,6,1,1
11296.400391,7107359744,0.0622942072646192,0.0009205953790631131,0,1,1
10106.299805,8637859840,0.12664155510102398,0.00018804013701025158,1,1,1
10221.099609,8041160192,0.06179336592065026,0.0015849758460170953,2,1,1
9170.540039,9959400448,0.16755249336813735,-0.003081581442294297,3,2,1
8830.75,12726899712,0.17261485599393114,0.002419966254281957,4,2,1
9174.910156,7263790080,0.1428954199011304,8.610863611376862e-05,5,2,1
8277.009766,7073549824,0.16232276878240226,-0.0007816502798602224,6,2,1
6955.27002,9285289984,0.23801032846163833,0.013871493086906793,0,2,1
7754.0,13999800320,0.29800975796911566,0.00019218906370903701,1,2,1
7621.299805,9169280000,0.175812799064682,0.0021728653148030868,2,2,1
8265.589844,9346750464,0.1205716895201433,0.0007561468833996017,3,2,1
8736.980469,6784820224,0.10809154835315071,-0.0019343514684465775,4,2,1
8621.900391,7780960256,0.09970262145711051,-0.0006692849300396898,5,2,1
8129.970215,6122189824,0.08637260613729297,0.0014095944630714205,6,2,1
8926.570313,6256439808,0.10372744441013054,1.6738119430026617e-05,0,2,1
8598.30957,5696719872,0.05949558468704517,0.00018728704600475248,1,2,1
9494.629883,7909819904,0.10681728729241073,-0.0006645409118365567,2,2,1
10166.400391,9062540288,0.0893206933508081,-0.0030197705007937435,3,2,1
10233.900391,7296159744,0.050818160545833546,-0.002579699820336,4,2,1
11112.700195,8660880384,0.09755252240102515,0.0009628799312712654,5,2,1
10551.799805,8744009728,0.09914776341274459,7.57978747494084e-05,6,2,1
11225.299805,7652089856,0.07234710610397552,0.000579049122332105,0,2,1
11403.700195,9926540288,0.06470024462833625,-0.0027622613240754356,1,2,1
10690.400391,9405339648,0.08964514376723673,-0.002806255977583057,2,2,1
10005.0,8040079872,0.11067510026222886,-0.006789573913043461,3,2,1
10301.099609,7739500032,0.077326583661761,-0.0013007751122311609,4,2,1
9813.070313,6917929984,0.1100066825424008,-0.0016967565164536936,5,2,1
9664.730469,5706939904,0.054869447052943485,0.0004862234922197792,6,2,1
10366.700195,7287690240,0.1024307660773323,0.00262380463294567,0,2,1
10725.599609,6966179840,0.061721085596758145,-0.0035801647833077657,1,2,1
10397.900391,6936189952,0.06703488104710223,-0.0012406726853399434,2,2,1
10951.0,7317279744,0.06757653528283218,0.0024107744498218626,3,3,1
11086.400391,7620590080,0.031234772325858303,0.001398109345986005,4,3,1
11489.700195,6690570240,0.04778955367140667,0.0006701824999185524,5,3,1
11512.599609,6084149760,0.03380896482783966,0.0017199227518100368,6,3,1
11573.299805,6468539904,0.022736934883200662,-0.006324920051615285,0,3,1
10779.900391,6832169984,0.07534853320862181,0.0022263656554783466,1,3,1
9965.570313,8797910016,0.12766864917714263,-0.0014178699819685481,2,3,1
9395.009766,7186089984,0.08692604586713948,0.002094799738391389,3,3,1
9337.549805,8704190464,0.11198354821121173,0.001396516138850145,4,3,1
8866.0,5386319872,0.07961182489537016,-0.0014910587638167939,5,3,1
9578.629883,6296370176,0.12835530537304338,0.002536876912127847,6,3,1
9205.120117,6457399808,0.10953810236622044,-0.003485025463247941,0,3,1
9194.849609,5991139840,0.0571755486783059,0.0021534644765279524,1,3,1
8269.80957,6438230016,0.159539620911235,0.0025333347548896195,2,3,1
8300.860352,6834429952,0.08291091797786602,0.002656327544974006,3,3,1
8338.349609,5289379840,0.07243196424954348,-0.0019715475808614377,4,3,1
7916.879883,4426149888,0.0683121409456428,-0.0033295772311264303,5,3,1
8223.679688,6639190016,0.11456078004873983,0.014645564220569897,6,3,1
8630.650391,6729110016,0.06030873837874665,-0.0012722643720397323,0,3,1
8913.469727,6361789952,0.07880078412683308,0.0026937593030993186,1,3,1
8929.280273,6043129856,0.03742117195279263,0.0011378472496514785,2,3,1
8728.469727,5530390016,0.06255876257043574,0.0008913673580070271,3,3,1
8879.620117,5954120192,0.062076735067138795,0.0025147560037222984,4,3,1
8668.120117,5664600064,0.038136502021000364,-0.006380916075623523,5,3,1
8495.780273,4569880064,0.02756626951727519,0.0003165635072444848,6,3,1
8209.400391,5921039872,0.07683586025211227,-0.0011450764431352265,0,3,1
7833.040039,5378250240,0.05585287433673904,0.00048385288229464696,1,3,1
7954.47998,4935289856,0.04017331139333867,0.0030913201192065962,2,3,1
7165.700195,6361229824,0.12892264079656074,0.0008024337948177303,3,3,1
6890.52002,6289509888,0.08867985816613057,0.00028444297299932053,4,3,1
6973.529785,4553269760,0.05016814651908016,0.004234623628269288,5,3,1
6844.22998,4532100096,0.0818279004218156,9.203124410492249e-05,6,4,2
7083.799805,4333440000,0.04678154343542362,0.002605940527422976,0,4,2
7456.109863,5499700224,0.0648215397733697,4.027475527022528e-05,1,4,2
6853.839844,4936000000,0.09788532593940269,-0.0007572312919659716,2,4,2
6811.470215,5639320064,0.04349566991958466,0.0006591449214755593,3,4,2
6636.319824,3766810112,0.04296429414448667,-0.0008754939716720962,4,4,2
6911.089844,3976610048,0.06334811165709099,0.0012863580420269217,5,4,2
7023.52002,3652499968,0.02768506260909736,0.0029614500906626905,6,4,2
6770.72998,4894060032,0.07747228844106406,0.003649526871251712,0,4,2
6834.759766,4272750080,0.025097925383470908,0.0012744338203854514,1,4,2
6968.319824,4641889792,0.022108983298937228,-0.0018569671494458868,2,4,2
7889.25,8906250240,0.16054046075984135,0.001500756599169767,3,4,2
7895.959961,7764460032,0.05477943161735185,-0.002696320536724607,4,4,2
7986.240234,5191430144,0.03756180996686204,0.0016390496173997369,5,4,2
8329.110352,5244480000,0.04238978023079387,0.001015710038944202,6,4,2
8058.669922,5631309824,0.05619929168972258,0.0016119575718738406,0,4,2
7902.089844,6900879872,0.051288263852689954,0.0053581182745155035,1,4,2
8163.419922,6529909760,0.03953711043375348,-0.0005083533665610337,2,4,2
8294.30957,7063209984,0.01964798768664569,-0.0008957571377456835,3,4,2
8845.830078,8438110208,0.07710441419326347,0.000334616533880774,4,4,2
8895.580078,7548550144,0.03992301409361863,0.0033139482463774824,5,4,2
8802.459961,6629899776,0.02528919702563135,-0.0009168247326038782,6,4,2
8930.879883,6925190144,0.019313222530090744,0.00038741546693361526,0,4,2
9697.5,10678800384,0.090142875364882,0.00036403949471516437,1,4,2
8845.740234,11083100160,0.10744291779862988,0.0024396012576825333,2,4,2
9281.509766,8970559488,0.06352861399509606,0.0009826113671085256,3,4,2
8987.049805,7566289920,0.04321995876599007,-0.005316569401164083,4,4,2
9348.480469,7805479936,0.05375057489119051,-0.00022145984118653554,5,4,2
9419.080078,8853000192,0.03674036644976561,0.000746386477424619,6,4,2
9240.549805,8673920000,0.03385366256713904,0.0011817394235665972,0,4,2
9119.009766,7713019904,0.04103340842774629,-0.0015802326535197216,1,5,2
9235.919922,7558159872,0.02677494663696635,-0.00021115330324097625,2,5,2
9743.860352,10207299584,0.06640941441246831,-0.004963161442484485,3,5,2
9700.759766,8217829888,0.02015867318309144,-4.9428396493177403e-05,4,5,2
9858.150391,7651939840,0.027785100106975765,-0.00130255884630476,5,5,2
9654.799805,7222280192,0.0501719075565886,-0.0009456315184570963,6,5,2
9373.009766,7394019840,0.04704738252013101,0.0008386154710426207,0,5,2
9234.820313,7415869952,0.036699049845893846,-0.001200872742958381,1,5,2
9325.179688,7226890240,0.03799314459142445,8.367377638893027e-05,2,5,2
9043.94043,6906699776,0.03932522979248233,0.0009973010182686391,3,5,2
8441.490234,8488520192,0.07844459358426142,-5.89990613264293e-06,4,5,2
8504.889648,6821380096,0.05367062102511092,0.0012464107635415701,5,5,2
8723.94043,5866379776,0.045077340493757244,-0.001242651882711191,6,5,2
8716.790039,7364149760,0.06132316520508855,-0.0013307202477174367,0,5,2
8510.379883,6705710080,0.0449053948457626,-0.0007014642215824685,1,5,2
8368.830078,6760220160,0.04072409659489055,0.00014574641719708402,2,5,2
8094.319824,5862530048,0.048598719203829716,-0.00030759175003414044,3,5,2
8250.969727,5764190208,0.03753066521945289,0.0005769918152070796,4,5,2
8247.179688,4712399872,0.02306017336910954,-2.2971974319299774e-05,5,5,2
8513.25,5191059968,0.04352948991304319,0.0010665818576925225,6,5,2
8418.990234,5154990080,0.023000197404098977,0.00010451170218088753,0,5,2
8041.779785,5137010176,0.0523037958169328,-0.0005844113026777893,1,5,2
7557.819824,6491120128,0.07282752008833654,0.00043667262211254294,2,5,2
7587.339844,6049220096,0.05557934419280349,0.0006537154130405611,3,5,2
7480.140137,4867829760,0.036047998827579295,0.0008475567146984516,4,5,2
7355.879883,4051539968,0.033478843056444156,0.0008428896472778835,5,5,2
7368.220215,4056519936,0.015235989964764477,0.00041934740138600547,6,5,2
7135.990234,5040600064,0.04480560350345261,-0.000915117984451029,0,5,2
7472.589844,5662660096,0.06145246086191551,-0.00038271389969252753,1,5,2
7406.52002,4922540032,0.035573441056908066,-4.997191650064834e-05,2,5,2
7494.169922,5127130112,0.033659237499966896,0.0008713804287823709,3,5,2
7541.450195,4921460224,0.026647911417198907,-0.0006271976712298726,4,6,2
7643.450195,4939299840,0.026485718542195145,-0.001486285736176013,5,6,2
7720.25,4851760128,0.018632517006784637,0.00029529937502020267,6,6,2
7514.470215,4993169920,0.03743354110228091,-0.001805890849485544,0,6,2
7633.759766,4961739776,0.03328781668243883,-0.001020408191870764,1,6,2
7653.97998,4692259840,0.023783014894038425,-0.0004128774844273783,2,6,2
7678.240234,4485799936,0.011822288079019305,0.0008986307786316718,3,6,2
7624.919922,4227579904,0.018494660353047768,0.0009967446317792148,4,6,2
7531.97998,3845220096,0.020127522696893822,-0.004305663993546677,5,6,2
6786.02002,5804839936,0.11782258967886387,0.001955493641470351,6,6,2
6906.919922,4745269760,0.03035060776440945,-0.00015927475813000877,0,6,2
6582.359863,4654380032,0.055927148343903166,0.0022058988420882593,1,6,2
6349.899902,5052349952,0.05505100991324155,-0.0011259865683470283,2,6,2
6675.350098,5138710016,0.058833772459612646,-0.00019025518981849983,3,6,2
6456.580078,3955389952,0.038423212857033734,-0.00017499713259184156,4,6,2
6550.160156,3194170112,0.029708150340172275,-0.0007069095853723115,5,6,2
6499.27002,3104019968,0.013823066701881659,0.0016616949237016347,6,6,2
6734.819824,4039200000,0.0518809607222557,0.0011240557576644933,0,6,2
6769.939941,4057029888,0.01677815522520329,0.0001210978246698292,1,6,2
6776.549805,3888640000,0.0317126414439433,0.0005223954817521531,2,6,2
6729.740234,3529129984,0.014261741715014728,0.0012095041884197244,3,6,2
6083.689941,5079810048,0.12327772249172299,0.001053662672188483,4,6,2
6162.47998,3431360000,0.025200024953547347,0.0002920585552960532,5,6,2
6173.22998,4566909952,0.06820145138439852,-0.00020406902125486476,6,6,2
6249.180176,5500810240,0.03393803843124245,0.0006992323595951643,0,6,2
6093.669922,3279759872,0.032244974951894004,-0.0015212540420892083,1,6,2
6157.129883,3296219904,0.02100661670805516,-0.0006447366021886619,2,6,2
5903.439941,3467800064,0.05063133480442199,-0.0008994853937822126,3,6,2
6218.299805,3966230016,0.07298293381313455,-0.0006560619667644621,4,6,2
6404.0,4543860224,0.040437825230820186,0.0011992779512804259,5,6,2
6385.819824,4788259840,0.022826115206928118,-0.0008518782474186739,6,7,3
6614.180176,4396930048,0.059971082719704104,-0.0026488573842564055,0,7,3
6529.589844,4672309760,0.03468188391299296,0.0032590520244628563,1,7,3
6597.549805,4176689920,0.04983519980645927,0.00032741791480874095,2,7,3
6639.140137,4999240192,0.030991444484913946,-6.780938355130362e-05,3,7,3
6673.5,4313959936,0.025620090302502865,-0.0007177701356110637,4,7,3
6856.930176,3961080064,0.043280073362951164,0.00012682482943221447,5,7,3
6773.879883,3386210048,0.020440217132950037,0.00017717984681311024,6,7,3
6741.75,3718129920,0.01700394903479238,-0.0003767625616494877,0,7,3
6329.950195,4052430080,0.07072295621298902,0.00012951523704675567,1,7,3
6394.709961,3644859904,0.018085504253493954,0.0003236775416904875,2,7,3
6228.810059,3770170112,0.04248082421240791,0.0009985416060347642,3,7,3
6238.049805,3805400064,0.019106101593150782,0.001514927789198751,4,7,3
6276.120117,2923670016,0.013838808513648184,-0.0005449102210036688,5,7,3
6359.640137,3285459968,0.02348756742914024,-0.00041360374853552747,6,7,3
6741.75,4725799936,0.060522202759189514,-0.0003115063596247101,0,7,3
7321.040039,5961950208,0.10518438642410081,-0.0007813391225192124,1,7,3
7370.779785,6103410176,0.034959283052296584,0.0010067333737336218,2,7,3
7466.859863,5111629824,0.02727723831859983,7.232478041759568e-05,3,7,3
7354.129883,4936869888,0.03706138586809211,-0.00019168385960356156,4,7,3
7419.290039,3726609920,0.02412835095181595,-0.00020085938036756436,5,7,3
7418.490234,3695460096,0.0208740698816922,-0.0005095744391055172,6,7,3
7711.109863,5132480000,0.048912809545902304,0.0007002757185331584,0,7,3
8424.269531,7277689856,0.09328006372071895,-0.005295340425166176,1,7,3
8181.390137,5845400064,0.040872563130944194,-0.0005549226872177008,2,7,3
7951.580078,4899089920,0.05224460844954835,-0.00014842031249425426,3,7,3
8165.009766,5195879936,0.05394302920276496,0.0004960548873886353,4,7,3
8192.150391,3988750080,0.01381861262538928,0.0016686610166506345,5,7,3
8218.459961,4107190016,0.016100809362556402,0.0003796474053297868,6,7,3
8180.47998,5551400000,0.040164193242816545,8.804067753494829e-05,0,7,3
7780.439941,5287530000,0.06296011499637123,-0.0014652001797386797,1,7,3
7624.910156,4797620000,0.03518875370764537,0.0012170353237142746,2,8,3
7567.149902,4214110000,0.025165360591000472,-0.0006620411997753218,3,8,3
7434.390137,4627150000,0.03185992483230511,0.0005756739855095554,4,8,3
7032.850098,4268390000,0.07351306944780049,-0.00025167890333725284,5,8,3
7068.47998,3679110000,0.02335064481199646,-0.0007837666677525814,6,8,3
6951.799805,3925900000,0.040056332948912886,0.0009378893499365525,0,8,3
6753.120117,4682800000,0.05902573281151515,-0.0009284625315958233,1,8,3
6305.799805,5064430000,0.08361893171489752,-3.801991934618453e-05,2,8,3
6568.22998,4267040000,0.06027459551714555,0.00048566234886921145,3,8,3
6184.709961,4528680000,0.07620837950987712,0.00017463680703083939,4,8,3
6295.72998,4047850000,0.05675376634294805,-0.0019187732063438905,5,8,3
6322.689941,5665250000,0.027631278236472927,0.0029528447819231825,6,8,3
6297.569824,4083980000,0.05000699987286521,-0.0015735701670562751,0,8,3
6199.709961,5301700000,0.05307109241236684,0.0035017704274183025,1,8,3
6308.52002,4895450000,0.059001050660794765,-0.002265196901126718,2,8,3
6334.72998,4328420000,0.031401683303247795,0.0009756021202974537,3,8,3
6580.629883,4992990000,0.0407163632785581,0.00042553570855494323,4,8,3
6423.759766,3984520000,0.04149060769497791,-0.00018524073803291317,5,8,3
6506.069824,3311170000,0.027733835371583707,-0.0008545955008797683,6,8,3
6308.529785,3665100000,0.03794734767157892,-0.0011825197398191514,0,8,3
6488.759766,3377180000,0.03217246015897216,-0.00038678670354708996,1,8,3
6376.709961,4668110000,0.08029656963200812,-0.0008421454061488061,2,8,3
6534.879883,3426180000,0.027498171387763812,0.0025463569794585503,3,8,3
6719.959961,4097820000,0.034056328606336436,-1.4532824683324713e-06,4,8,3
6763.189941,3312600000,0.01323242080478983,-0.0012641673640079885,5,8,3
6707.259766,3295500000,0.023260204659592946,0.000527792142171749,6,8,3
6884.640137,4019000000,0.029138808279643557,0.0009354070614946994,0,8,3
7096.279785,4659940000,0.03301496586195029,-0.0006439746090141164,1,8,3
7047.160156,4145880000,0.020439486975327034,-0.0004825191885421638,2,8,3
6978.22998,4463250000,0.034822355081871884,-0.0006104363158291594,3,8,3
7037.580078,4495650000,0.019798640914575984,0.0010273390739242694,4,8,3
7193.25,4116050000,0.02901943573273716,-0.0005101896917248869,5,9,3
7272.720215,4329540000,0.024417553615014537,0.0008675667169191988,6,9,3
7260.060059,4087760000,0.015231375664029514,0.00040494720100216116,0,9,3
7361.660156,4273640000,0.018306240018533496,-2.7194273541299418e-05,1,9,3
6792.830078,5800460000,0.08768070026202705,-0.005548488710481127,2,9,3
6529.169922,5523470000,0.054712760313761814,-3.8289706499692474e-05,3,9,3
6467.069824,4264680000,0.02476522410217322,-0.0010669286381281712,4,9,3
6225.97998,3835060000,0.05433302012955822,-0.00041762052052092525,5,9,3
6300.859863,3671890000,0.039514731376137695,0.00011267684338918869,6,9,3
6329.700195,3714100000,0.013065843454606136,0.0003443588057647744,0,9,3
6321.200195,3849910000,0.022157397573586028,-0.00066291667258297,1,9,3
6351.799805,4064230000,0.015766776767710836,0.00038421062925805203,2,9,3
6517.310059,4210910000,0.028511657622040113,-0.00029151643589164544,3,9,3
6512.709961,4076220000,0.02167386820523028,-0.0005082460327300081,4,9,3
6543.200195,3216300000,0.01049817311750035,-0.0009964572083523881,5,9,3
6517.180176,3273730000,0.01303849456234851,-0.0004787526070691653,6,9,3
6281.200195,3910780000,0.04517603461059316,-4.617572931862802e-05,0,9,3
6371.299805,4180090000,0.018907708102896704,8.637060205021037e-05,1,9,3
6398.540039,4431340000,0.038677025264984746,4.845777288406453e-05,2,9,3
6519.669922,4348110000,0.020842809424034263,-0.0008895856798560869,3,9,3
6734.950195,6531940000,0.04586725816977733,1.4790012860563118e-05,4,9,3
6721.97998,4509660000,0.029887598208814287,-0.0009908027128637648,5,9,3
6710.629883,4197500000,0.012984657502118949,-0.0008732210093786329,6,9,3
6595.410156,4177310000,0.020158361162685903,0.0012478346009328017,0,9,3
6446.470215,4726180000,0.03475166781486575,0.0009803541766616466,1,9,3
6495.0,4437300000,0.029387816135299102,4.465573518097515e-05,2,9,3
6676.75,4606810000,0.03822920448654741,0.0002995469352604186,3,9,3
6644.129883,5014430000,0.028296591553637847,-0.00015499170216924548,4,9,3
6601.959961,4363690000,0.020186926198170748,0.00041654296848892995,5,9,3
6625.560059,4002280000,0.011762624691429111,-0.0008618080508143916,6,9,3
6589.620117,4000970000,0.015913643711595444,0.0005493665698057844,0,10,4
6556.100098,3979260000,0.01130943316788639,-0.00034170237893158716,1,10,4
6502.589844,3887310000,0.01819486118160204,-0.0007196652583459744,2,10,4
6576.689941,3838410000,0.016220584844910013,-0.0003862184507383521,3,10,4
6622.47998,3671500000,0.010096968075028625,-4.497559840070627e-06,4,10,4
6588.310059,3259740000,0.007713861094013758,0.0003597458193033537,5,10,4
6602.950195,3306630000,0.012879316657776387,-0.00041803344239835113,6,10,4
6652.22998,3979460000,0.015057697248305931,0.0001277914327309365,0,10,4
6642.640137,3580810000,0.008244393847442162,-0.00035378975099217976,1,10,4
6585.529785,3787650000,0.0154963600640406,0.0001838043467295856,2,10,4
6256.240234,5181640000,0.054935020860126325,-0.0027157259575272047,3,10,4
6274.580078,3783500000,0.01475671041908435,0.00055780625260832,4,10,4
6285.990234,3064030000,0.007779741963573173,0.00039770981292300874,5,10,4
6290.930176,3085320000,0.013225808347910269,0.00027181369879513285,6,10,4
6596.540039,7370770000,0.11286403253336659,0.0007382835503470642,0,10,4
6596.109863,4074800000,0.01555531421606574,-0.0008474454058679687,1,10,4
6544.430176,4088420000,0.012851615815070945,-0.0003208985264601728,2,10,4
6476.709961,3924080000,0.018216941180138307,0.00020996200357729545,3,10,4
6465.410156,3578870000,0.007504699782822268,-0.0006945010280334445,4,10,4
6489.189941,3379130000,0.007554692975655183,0.00013867724757364282,5,10,4
6482.350098,3253610000,0.012411964638665783,0.0005707354499630054,6,10,4
6487.160156,3672860000,0.012505040283290431,-0.002281474889487874,0,10,4
6475.740234,3716150000,0.008485111587377053,0.00048641589782467016,1,10,4
6495.839844,3424670000,0.008213251194988856,-0.0017226320643258725,2,10,4
6476.290039,3230550000,0.008937467162640135,-0.0012121288504263665,3,10,4
6474.75,3306050000,0.007547770645673977,0.0009405527626549418,4,10,4
6480.379883,3393250000,0.008348976884748383,0.0003518733532863025,5,10,4
6486.390137,3445190000,0.008432131913222615,0.0009188409691859961,6,10,4
6332.629883,4199910000,0.031173326215110802,0.0006964177729445277,0,10,4
6334.27002,3781100000,0.008692373831506802,0.00042944395982663554,1,10,4
6317.609863,4191240000,0.0051101609652057884,8.39358573099412e-05,2,10,4
6377.779785,3789400000,0.03728079750121568,0.0001787670691737944,3,11,4
6388.439941,4234870000,0.010980845355385481,-0.00018779342235030367,4,11,4
6361.259766,3658640000,0.009097499189670793,0.0006618891783832481,5,11,4
6376.129883,4390020000,0.014943047996920505,-0.0019619685027672793,6,11,4
6419.660156,4174800000,0.01838100402749099,0.0021371422577839794,0,11,4
6461.009766,4700040000,0.008643611840465327,0.0011592977369289854,1,11,4
6530.140137,4941260000,0.012963215466662827,-0.0012051987912798433,2,11,4
6453.720215,4665260000,0.015281460253429632,-0.001723055327709212,3,11,4
6385.620117,4346820000,0.013037034171037642,7.983030475647968e-05,4,11,4
6409.220215,3705320000,0.008138951048547564,0.0006880194239041805,5,11,4
6411.27002,3939060000,0.011508365744169444,7.63882972441388e-05,6,11,4
6371.27002,4295770000,0.011593442545505149,0.0003013403911579475,0,11,4
6359.490234,4503800000,0.008293053027645774,-0.0012972737902627307,1,11,4
5738.350098,7398940000,0.1492508210153745,-0.00038341961755986574,2,11,4
5648.029785,7032140000,0.07771750978709036,-0.00047980642864112774,3,11,4
5575.549805,5279320000,0.028747373256681346,0.00054349312731147,4,11,4
5554.330078,4303150000,0.010692884644630984,0.0009740429401970293,5,11,4
5623.540039,4159680000,0.016883815618929474,-0.0004908392188653383,6,11,4
4871.490234,7039560000,0.16062028902937175,-0.0015518984205768248,0,11,4
4451.870117,8428290000,0.15905489835011766,0.003070602160606574,1,11,4
4602.169922,6120120000,0.07637005730399338,0.0020424934670632768,2,11,4
4365.939941,4569370000,0.06047223126856642,-0.0012001415664914404,3,11,4
4347.109863,4871490000,0.04784438698360888,0.00013343992175979605,4,11,4
3880.76001,4679500000,0.1628205257033185,5.158525636334705e-06,5,11,4
4009.969971,6825640000,0.14945636870291565,0.0012718541627203634,6,11,4
3779.129883,6476900000,0.12712140357512508,-0.003487557297061549,0,11,4
3820.719971,5998720000,0.0551623596899152,0.00045802885667697103,1,11,4
4257.419922,7280280000,0.14739943943957282,0.0027210078433038084,2,11,4
4278.84668,6503347767,0.0644646674783399,0.0023936793640852634,3,11,4
4017.268555,6048016717,0.0964168658831786,0.0017912170673887056,4,11,4
4214.671875,5375314093,0.085564610186569,-0.0033071321833327044,5,12,4
4139.87793,5262697895,0.04634930935747069,0.0017985554467786972,6,12,4
3894.130859,5089570994,0.08216055615821696,-0.0020122428556527947,0,12,4
3956.893799,5028069239,0.06336903946252685,0.000505693632845531,1,12,4
3753.994873,5302481574,0.0574164385652852,2.1201414144772467e-05,2,12,4
3521.101807,5878333109,0.10049816119957482,-0.002417276030780723,3,12,4
3419.937256,6835615448,0.07083700223395403,0.0005769532749579917,4,12,4
3476.114746,5305024497,0.04637690971920749,-0.0008305844918734499,5,12,4
3614.234375,4947372847,0.06232503678673483,-0.0006053807730717884,6,12,4
3502.656006,5020968740,0.05106069427861534,-0.00145641421574414,0,12,4
3424.588135,4696765188,0.0356503969341882,-0.0009139443566985504,1,12,4
3486.950195,4139364829,0.03537358352331698,0.0002664792864929455,2,12,4
3313.677246,4343372456,0.058095739452617694,-0.0005810140388066744,3,12,4
3242.484863,4372763663,0.03836334061623134,0.00046652368905747394,4,12,4
3236.761719,3551763561,0.026344866249600047,-0.00015047786716618268,5,12,4
3252.839111,3744248994,0.02224408096769704,8.728867008518551e-05,6,12,4
3545.864746,5409247918,0.10598889652144167,-0.0003111430015047744,0,12,4
3696.059082,5911325473,0.06141949655772777,0.002912796781964385,1,12,4
3745.950684,6810689119,0.0710812776587372,-0.0010025802037493983,2,12,4
4134.441406,8927129279,0.12396273921638823,-0.00017845046707628634,3,12,4
3896.543701,7206015706,0.09023324993977869,0.0003952320615844105,4,12,4
4014.182617,5605823233,0.04109292730257383,0.0016969860741140935,5,12,4
3998.980225,6151275490,0.02749162875798091,0.00033797666503846877,6,12,4
4078.599121,7240968501,0.06785954452132548,0.0005961353219248717,0,12,4
3815.490723,6158207293,0.08764340893855566,0.00109449224311486,1,12,4
3857.297607,5326547918,0.03275870337351737,-0.0006764139731569908,2,12,4
3654.833496,5130222366,0.06280942026182294,-0.00046559166152508483,3,12,4
3923.918701,5631554348,0.08606521304232294,0.0021848052045052037,4,12,4
3820.408691,4991655917,0.037522189271974905,0.0005172417821829411,5,12,4
3865.952637,4770578575,0.027570095756477803,0.00022930286095998735,6,12,4
3742.700439,4661840806,0.03834690595078589,0.0010722044324423198,0,12,4
3843.52002,4324200990,0.038757393108161835,0.0014820500401608364,1,1,1
3943.409424,5244856836,0.034204289479429995,-0.003134556590743651,2,1,1
3836.741211,4530215219,0.028608411444090123,-0.001225303386770446,3,1,1
3857.717529,4847965467,0.02169238432724206,-0.0014888731372431471,4,1,1
3845.19458,5137609824,0.017723403636368727,-0.002256202337620084,5,1,1
4076.632568,5597027440,0.06971991632369617,0.0004789229756259037,6,1,1
4025.248291,5228625637,0.017836700304216503,0.0008009138236784366,0,1,1
4030.8479,5306593305,0.0280377599877511,0.00017467838466435148,1,1,1
4035.296387,5115905225,0.011370757082206395,-0.0002193172236000036,2,1,1
3678.924561,6874143796,0.11065120896810925,-0.0013344062697130286,3,1,1
3687.365479,5538712865,0.01664682443255699,-0.00010639954250114597,4,1,1
3661.301025,4778170883,0.012361745745361467,-0.0006644799166712138,5,1,1
3552.953125,4681302466,0.03662494460119021,0.0012265599479306878,6,1,1
3706.052246,5651384490,0.04941918181976045,-0.0004953888607430834,0,1,1
3630.675293,5537192302,0.027681079191403928,0.00022983961182351423,1,1,1
3655.006836,5394457145,0.016857728757427828,-0.0008579305431427479,2,1,1
3678.563965,5464420383,0.016061754667106683,-0.0001558994231053898,3,1,1
3657.839355,5002961727,0.012493318504932202,-0.0014930740445270219,4,1,1
3728.568359,5955691380,0.029064767949684683,-0.0008374029116197123,5,1,1
3601.013672,5582489560,0.044757893897174036,-0.00017796905493110794,6,1,1
3576.032471,5004347059,0.01413606475334357,-0.0002659852805346751,0,1,1
3604.577148,5313623556,0.022890260565690573,0.0002718712791439892,1,1,1
3585.123047,5433755649,0.016198827527381693,-0.0001737187236910487,2,1,1
3600.865479,5262869046,0.013167107718665139,0.001812037144417888,3,1,1
3599.765869,5265847539,0.010440303451030631,-1.4038968599271953e-05,4,1,1
3602.460449,5098183235,0.017139223138651023,0.0006181350306338944,5,1,1
3583.96582,5570752966,0.0127340640118763,8.85563691006583e-05,6,1,1
3470.450439,6908930483,0.04289272371495188,-0.0004553650967727452,0,1,1
3448.116943,5897159493,0.022125725529174623,-0.0012238477028939047,1,1,1
3486.181641,5955112627,0.019183267443106243,-0.00022157795535244777,2,1,1
3457.792725,5831198271,0.016499579681872704,0.0007965757982211175,3,1,1
3487.945313,5422926707,0.02050434846725476,-0.0009516594161119581,4,2,1
3521.060791,5071623601,0.016066747426532035,-0.0013976307971105488,5,2,1
3464.013428,5043937584,0.02130669390250033,0.0009232764440657753,6,2,1
3459.154053,5332718886,0.009770839150990836,-0.0012150730888538428,0,2,1
3466.357422,5227549545,0.007593180555984063,0.0007888323871755657,1,2,1
3413.767822,5482196038,0.020751804975548148,0.00034027533815104185,2,2,1
3399.47168,5004962683,0.009936617498366749,0.0005603179491701839,3,2,1
3666.780273,7735623101,0.08982253164930867,0.0013105953022018774,4,2,1
3671.203613,6158833645,0.009154404745861485,0.0005441820205573405,5,2,1
3690.188232,6282256903,0.014846594405059045,0.0014700618664809904,6,2,1
3648.430664,6277056434,0.01464057683335613,-0.0015564804495350063,0,2,1
3653.528564,6480384532,0.013825961727281238,2.0648531598456308e-05,1,2,1
3632.070557,6438903823,0.01451387024667721,-0.0002479001951833853,2,2,1
3616.880859,6271044418,0.010687934696649307,0.00013479819186931768,3,2,1
3620.810791,6091952231,0.010971828394026639,-0.0015301895955931646,4,2,1
3629.787598,5934744052,0.010392319870003412,0.000984018183865124,5,2,1
3673.836182,7039512503,0.016952787346171228,-0.0006713170859614312,6,2,1
3915.714355,9908216640,0.0726659112592338,-0.0010349922472830306,0,2,1
3947.094482,9933626655,0.026285131877469958,-0.00010372769181664112,1,2,1
3999.820557,8693373948,0.018908516272685274,0.0001090746431703019,2,2,1
3954.118164,7775128102,0.01774097671127023,-0.00043288286515661653,3,2,1
4005.526611,7826525254,0.014103901136832514,-0.001650307597968873,4,2,1
4142.526855,8922258316,0.049779018714905365,0.0007075761009157151,5,2,1
3810.42749,10794227451,0.10990105455068291,-0.000898862137906722,6,2,1
3882.696289,9318796067,0.028028569892897558,-0.0010299602910815906,0,2,1
3854.35791,7931218996,0.013963710242794802,0.0008099470969989916,1,2,1
3851.047363,8301309684,0.02686613975444131,-0.0007232837556768862,2,2,1
3854.7854,8399767798,0.015662990158251167,-0.0002667645259838197,3,2,1
3859.58374,7661247975,0.014565811965571008,-0.001105203381336662,4,3,1
3864.415039,7578786076,0.011085092349722244,-0.000556080539567491,5,3,1
3847.175781,7253558152,0.010054424943679438,-0.0005417553339499233,6,3,1
3761.557129,9029175788,0.03579031502720769,-0.000458482734903552,0,3,1
3896.375,10174126415,0.04238341318695018,0.00018120817426456792,1,3,1
3903.942627,9175291529,0.012411285767896109,-0.00014289682336557946,2,3,1
3911.484375,9584165519,0.011622737596458684,0.00044521589070641753,3,3,1
3901.131592,10638638944,0.019406239577743567,-0.0016864599014018975,4,3,1
3963.313721,10796103518,0.024367394509805622,0.000721768500142435,5,3,1
3951.599854,9713267607,0.010649631341207283,0.0005416489723354016,6,3,1
3905.227295,10125901903,0.019835693235180505,-0.0003761609476306534,0,3,1
3909.15625,9809887079,0.01639164217652307,0.00099538436203468,1,3,1
3906.717285,9469184841,0.00891423744071574,-0.0002919026171611395,2,3,1
3924.369141,10480789570,0.011587818473824792,0.0005846007135340821,3,3,1
3960.911133,9394210605,0.013931367838945118,0.0007546276348129031,4,3,1
4048.72583,9856166973,0.029123897470842177,-0.0002485591868293757,5,3,1
4025.229004,8221625400,0.011908647269626043,0.001177449033406686,6,3,1
4032.507324,9646954186,0.015574364647382304,4.5770778617382615e-05,0,3,1
4071.190186,9344919956,0.01451448445970089,-9.73280495130173e-05,1,3,1
4087.476318,10175916388,0.01447518471112051,-0.0008617691519063184,2,3,1
4029.326904,10831212662,0.02302247469589824,-0.00020158602648839865,3,3,1
4023.968262,9252935969,0.008047722524616987,-0.0003118521117202747,4,3,1
4035.826416,9578850549,0.008445783610742037,-0.00016423947208727715,5,3,1
4022.168213,9144851065,0.008613373622070934,0.00048346560785667963,6,3,1
3963.070557,10359818883,0.02664177362597206,0.001553896886625619,0,3,1
3985.080811,10707678815,0.010223107814653822,-0.00020976688796178958,1,3,1
4087.066162,10897131934,0.027466269121941677,0.000126817374482183,2,3,1
4069.107178,9353915899,0.013522807204366655,-0.00019841527015194727,3,3,1
4098.374512,10918665557,0.019683167185426585,-0.0015221356617689831,4,3,1
4106.660156,9732688060,0.05991672062091946,-0.0002932068771848635,5,3,1
4105.404297,9045122443,0.004621920364379572,-1.022846885776309e-05,6,3,1
4158.183105,10157794171,0.01661054340925743,-0.000303899796639596,0,4,2
4879.87793,21315047816,0.18064511419170604,1.6409836710804298e-05,1,4,2
4973.021973,22899891582,0.08825420628424985,-0.0003447312337060325,2,4,2
4922.798828,18251810240,0.04680077869225828,1.4877715413629572e-06,3,4,2
5036.681152,16837325387,0.027242258997457445,2.2200531783826055e-05,4,4,2
5059.817383,16929795194,0.042786479009120866,0.0005882745906999349,5,4,2
5198.896973,16655416140,0.03658600724299833,0.00018051444467435195,6,4,2
5289.770996,17154113634,0.033142480311660186,2.7784378588605537e-05,0,4,2
5204.958496,14722104361,0.023706036863631874,-0.00016388737790237146,1,4,2
5324.551758,15504590933,0.043953829847093735,9.949851632198732e-05,2,4,2
5064.487793,16555616019,0.06715353708682532,-0.000649050631446526,3,4,2
5089.539063,13675206312,0.029747026135234243,-0.00013536884017826433,4,4,2
5096.586426,10823289598,0.012947062751201846,-0.00016239045722392958,5,4,2
5167.722168,10391952498,0.025812998802654526,-7.747920398651875e-05,6,4,2
5067.108398,12290155061,0.034342200805964514,-0.00010474632834171787,0,4,2
5235.55957,11618660197,0.03634884418848266,0.0001099565370811845,1,4,2
5251.937988,12438480677,0.010551380723293875,-8.711431876099158e-05,2,4,2
5298.385742,13256489918,0.013232911444589613,-4.3682172508826166e-05,3,4,2
5303.8125,13780238655,0.019747487170256116,6.564051802357857e-05,4,4,2
5337.88623,13169647522,0.011822929800800798,-0.0003760522262011855,5,4,2
5314.53125,13731844223,0.019512807348537536,-0.0003832174286302664,6,4,2
5399.365234,14601631648,0.02697029888975394,9.0566201548415e-08,0,4,2
5572.362305,15867308108,0.04534700725297074,-0.00015325708438475348,1,4,2
5464.866699,17048033399,0.041301288328116026,0.00030334042737101356,2,4,2
5210.515625,15330283408,0.06965369825520804,-4.048294164741723e-05,3,4,2
5279.348145,16812108040,0.03983985666547432,2.3307044093358192e-05,4,4,2
5268.291016,13111274675,0.014734357108798498,0.0006559178279075605,5,4,2
5285.13916,12819992056,0.013423247183399656,-5.312291531022111e-05,6,4,2
5247.352539,13735490672,0.01817067589560827,7.118542107157624e-05,0,4,2
5350.726563,13878964574,0.02661989410235353,3.513317262362177e-05,1,4,2
5402.697266,13679528236,0.013156800216885508,-5.079203710475559e-05,2,5,2
5505.283691,14644460907,0.02373753284949489,4.8781319015329296e-05,3,5,2
5768.289551,18720780006,0.06842739106235304,0.00015829406480508278,4,5,2
5831.16748,17567780766,0.04276426047545492,-1.6998482780706487e-05,5,5,2
5795.708496,14808830723,0.022043949198129346,-0.0006927775961767975,6,5,2
5746.807129,15737171804,0.026402241015266573,-0.00021020507089991965,0,5,2
5829.501465,18026409033,0.042982965671054835,0.003427390853224542,1,5,2
5982.45752,15320605300,0.033697103199790635,-2.3587965234731152e-05,2,5,2
6174.528809,16784645411,0.03355266478360861,0.00020956173985509368,3,5,2
6378.849121,19419875368,0.044323263645555465,0.0001282160754214515,4,5,2
7204.771484,28867562329,0.15014890767901756,-0.000175461498370504,5,5,2
6972.371582,27773333680,0.10095718802815248,-0.00017115539324964697,6,5,2
7814.915039,28677672181,0.1665821752699942,-0.000899659428786315,0,5,2
7994.416016,32031452227,0.07436235627803386,-0.0006306281772064092,1,5,2
8205.167969,28344112920,0.04017123665387772,-0.00130003334974999,2,5,2
7884.90918,33167197581,0.07648716345746236,0.0002557544993815977,3,5,2
7343.895508,30066644905,0.1265992089910897,-0.00030378387023201667,4,5,2
7271.208008,21354286562,0.026996822636553054,-0.00044629681841436904,5,5,2
8197.689453,25902422040,0.13676163870220837,-9.339521878568043e-05,6,5,2
7978.309082,23843404340,0.06800376059861915,-4.259599327466675e-05,0,5,2
7963.327637,25127245056,0.027899865280910808,-0.0008835056550116338,1,5,2
7680.066406,24719473175,0.05010840810481104,-0.00036423682454285244,2,5,2
7881.84668,24457107820,0.054504712827044166,-1.9204509570526408e-05,3,5,2
7987.371582,25919126991,0.040420866429525394,0.000565101041520575,4,5,2
8052.543945,22256813107,0.0190748384866414,0.00033059242124996584,5,5,2
8673.21582,26677970091,0.09626269087953147,9.874607271098416e-05,6,5,2
8805.77832,27949839564,0.02750926751507599,-0.0003430141993398796,0,5,2
8719.961914,24226919267,0.01995373196556801,-0.00015712419543950675,1,5,2
8659.487305,23473479966,0.032197661693974734,0.00026253713642921387,2,5,2
8319.472656,29246528551,0.09573225132765627,9.777987543633719e-05,3,5,2
8574.501953,25365190957,0.05067064250769085,-7.721836249266085e-05,4,5,2
8564.016602,22488303544,0.01698062069079868,0.00017013406999463865,5,6,2
8742.958008,20266216022,0.028975766790717797,-0.0001385043824861259,6,6,2
8208.995117,22004511436,0.0657365011932489,0.00024244563087602846,0,6,2
7707.770996,24609731549,0.08546467602198579,-0.00044471144793724657,1,6,2
7824.231445,21760923463,0.030406929874136353,-0.0005876799571079792,2,6,2
7822.023438,19474611077,0.048322131824908736,0.000623614725609599,3,6,2
8043.951172,19141423231,0.04336974638954584,-0.0008921324665643969,4,6,2
7954.12793,16522722810,0.03052974661344622,-0.0005598508144688591,5,6,2
7688.077148,16610726547,0.05179256412702922,0.0005472785872205364,6,6,2
8000.32959,18689275117,0.05867859471005102,0.000489237594022652,0,6,2
7927.714355,17107279932,0.03262533590564264,-0.000287633092955997,1,6,2
8145.857422,19034432883,0.04251758769948336,-3.830315015797518e-05,2,6,2
8230.923828,18669407147,0.027761178879244095,-3.0847084156369023e-06,3,6,2
8693.833008,19831162906,0.06442848935004346,-0.00047009345546881066,4,6,2
8838.375,18371033226,0.027932394350728255,0.0003468318554033474,5,6,2
8994.488281,23348550311,0.059142004326704176,-0.0006186514258685983,6,6,2
9320.352539,15562951919,0.047556682777576964,0.001621640161866801,0,6,2
9081.762695,15848210536,0.03814285598493218,-0.0003342034032304029,1,6,2
9273.521484,15546809946,0.02527184021885548,-4.9704634943362547e-05,2,6,2
9527.160156,17846823784,0.03920240016653146,-0.00021894635608557002,3,6,2
10144.556641,20624008643,0.06503701784961378,0.003092021476150941,4,6,2
10701.691406,29995204861,0.10391875864570317,-0.00046721586432558733,5,6,2
10855.371094,20998326502,0.06536970177372396,-0.0001498753921825961,6,6,2
11011.102539,19271652365,0.042926521099662954,-0.0003542234745507548,0,6,2
11790.916992,24879684533,0.07120018633821497,-0.0010462237168126635,1,6,2
13016.231445,45105733173,0.17361019505106476,6.864928637572798e-05,2,6,2
11182.806641,39977475223,0.26871250634911353,-0.001845571748002035,3,6,2
12407.332031,35087757766,0.1402428304371012,-0.0005293933444828903,4,6,2
11959.371094,29923961128,0.07755490649814029,-0.0022894082627585707,5,6,2
10817.155273,27256473494,0.12773163046270025,-0.0018696790874844994,6,6,2
10583.134766,29378589324,0.1107235784159576,0.0005243085458788031,0,7,3
10801.677734,31015895223,0.12059125151081096,0.001525551530585889,1,7,3
11961.269531,30796494294,0.10629555059347567,0.0009571909545493616,2,7,3
11215.4375,25920294033,0.07518028444900339,-0.001099819868819248,3,7,3
10978.459961,23838480210,0.0478802733130012,0.00037199971712853643,4,7,3
11208.550781,21092024306,0.05813051167354111,0.0008087959074394955,5,7,3
11450.84668,19369044277,0.035233860489349726,-0.0003711515941806322,6,7,3
12285.958008,23482551458,0.08359762288829051,-0.00013282122557621524,0,7,3
12573.8125,28167921523,0.044621796667048026,-0.0001809626952842837,1,7,3
12156.512695,33627574244,0.12112999601714922,-0.0013818788678523278,2,7,3
11358.662109,28595327690,0.08833291600571767,-0.000384050864277736,3,7,3
11815.986328,23534692797,0.06497301935634137,-0.0002419920707951584,4,7,3
11392.378906,21042616384,0.08557357051315796,-0.0009970172247359332,5,7,3
10256.058594,22486000001,0.11887428551545502,0.00017358256914033252,6,7,3
10895.089844,25384047207,0.10616083269461038,0.00014350280928251104,0,7,3
9477.641602,24151199070,0.16389806539695487,-0.0006781998380950492,1,7,3
9693.802734,24569921549,0.08730636626325922,0.00048486606639047144,2,7,3
10666.482422,25187024648,0.14504352390911712,-0.0011743671910209588,3,7,3
10530.732422,20727426310,0.04764117716080132,-0.0004665474159930808,4,7,3
10767.139648,20206615155,0.05715911827633333,0.0009649404892717916,5,7,3
10599.105469,17130580467,0.04353277344857483,-0.00020352915689999474,6,7,3
10343.106445,16334414913,0.04892889843133325,0.00035208010469234746,0,7,3
9900.767578,17851916995,0.04686081661510841,-0.0013167776030789662,1,7,3
9811.925781,17398734322,0.030630418291856185,-0.0002883328984690936,2,7,3
9911.841797,15821952090,0.03890920266927865,0.00012965864733542362,3,7,3
9870.303711,14495714483,0.020429668153190837,8.72645893397523e-05,4,7,3
9477.677734,16817809536,0.0803057008672711,0.001471797141820826,5,7,3
9552.860352,13738687093,0.03493705956122373,-0.000490077403781901,6,7,3
9519.145508,13791445323,0.02203117663777475,0.0003344411530766659,0,7,3
9607.423828,13829811132,0.028018905943072412,-0.0003510875610765187,1,7,3
10085.62793,16631520648,0.05079446901597567,-0.0008116050935859728,2,7,3
10399.668945,17165337858,0.05290257586774742,0.0002282788050808136,3,8,3
10518.174805,17489094082,0.027667445254140333,0.00010491506563232849,4,8,3
10821.726563,15352685061,0.04220270966098626,-8.663127778568693e-06,5,8,3
10970.18457,16530894787,0.03662132943047019,-0.0008613545141109459,6,8,3
11805.65332,23875988832,0.08524578096208736,0.0004990492131442408,0,8,3
11478.168945,23635107660,0.08707051875149796,-0.00017211682538086713,1,8,3
11941.96875,22194988641,0.0527641096198488,0.0010108290561386308,2,8,3
11966.407227,19481591730,0.036625631795539286,-0.0010811515732816537,3,8,3
11862.936523,18339989960,0.02226460852862637,-0.0001163187544100702,4,8,3
11354.024414,18125355447,0.05225734213707014,-0.00037732700263671826,5,8,3
11523.579102,15774371518,0.024473414140447677,0.0004000797806994716,6,8,3
11382.616211,13647198229,0.018305730486018013,0.00021405650114476188,0,8,3
10895.830078,16681503537,0.05445104740985616,-0.000582128479849106,1,8,3
10051.704102,19990838300,0.08590040274307237,-0.0013213905687252485,2,8,3
10311.545898,22899115082,0.07876690487635095,0.0007636123698509697,3,8,3
10374.338867,20228207096,0.06786794694079182,-0.001505272885357011,4,8,3
10231.744141,13778035685,0.03627815061189372,0.00012331406870757142,5,8,3
10345.810547,12999813869,0.036364476855638046,0.00043231566822946336,6,8,3
10916.053711,16038264603,0.058454152854697454,2.6838361898573534e-05,0,8,3
10763.232422,15053082175,0.030895777460293754,0.00012448342165885496,1,8,3
10138.049805,19473084768,0.08391359699210224,0.00044107881555235874,2,8,3
10131.055664,17097508856,0.04084165372455159,0.0005185941301921087,3,8,3
10407.964844,15627023886,0.0361424908512784,-3.0775757297530053e-05,4,8,3
10159.960938,15451030650,0.04364963679764329,7.641436859236784e-05,5,8,3
10138.517578,14153856610,0.02955732258297062,-0.0012050847578064243,6,8,3
10370.820313,18438654080,0.03812135996698346,0.00019341372615284686,0,8,3
10185.5,14762609503,0.02914826774609687,0.0017600272937017926,1,8,3
9754.422852,17603790323,0.05791189340468852,0.00024227789135831441,2,8,3
9510.200195,17045878501,0.035573064762896504,0.0004883737360694176,3,8,3
9598.173828,13595263986,0.024163552595573616,-6.61339345771117e-05,4,8,3
9630.664063,11454806419,0.014836746563415711,-7.402397127914712e-06,5,8,3
9757.970703,11445355859,0.022311673271103127,-5.09398946902391e-05,6,9,3
10346.760742,17248102294,0.06843750204158372,-0.00010004638415943718,0,9,3
10623.540039,19384917989,0.04147593299642576,-0.00022208934040240033,1,9,3
10594.493164,16742664769,0.03142728175729497,-0.0005955518496570753,2,9,3
10575.533203,14551239508,0.010540809839126301,0.0002520004380718622,3,9,3
10353.302734,19536574783,0.05892384845857097,6.0744577470252e-05,4,9,3
10517.254883,15307366476,0.020268289288451997,8.171096066037977e-05,5,9,3
10441.276367,13670567493,0.01792153399618431,0.00018696459430655985,6,9,3
